Station.ID,Capacity,Station.Name,Location
1,19,"River Street , Clerkenwell","(51.529163,-0.10997)"
2,37,"Phillimore Gardens, Kensington","(51.499606,-0.197574)"
3,32,"Christopher Street, Liverpool Street","(51.521283,-0.084605)"
4,23,"St. Chad's Street, King's Cross","(51.530059,-0.120973)"
5,27,"Sedding Street, Sloane Square","(51.49313,-0.156876)"
6,18,"Broadcasting House, Marylebone","(51.518117,-0.144228)"
7,16,"Charlbert Street, St. John's Wood","(51.5343,-0.168074)"
8,18,"Lodge Road, St. John's Wood","(51.528341,-0.170134)"
9,19,"New Globe Walk, Bankside","(51.507385,-0.09644)"
10,18,"Park Street, Bankside","(51.505974,-0.092754)"
11,24,"Brunswick Square, Bloomsbury","(51.523951,-0.122502)"
12,49,"Malet Street, Bloomsbury","(51.52168,-0.130431)"
13,21,"Scala Street, Fitzrovia","(51.519914,-0.136039)"
14,48,"Belgrove Street , King's Cross","(51.529943,-0.123616)"
15,26,"Great Russell Street, Bloomsbury","(51.517727,-0.127854)"
16,22,"Cartwright Gardens , Bloomsbury","(51.526357,-0.125979)"
17,26,"Hatton Wall, Holborn","(51.521661,-0.109006)"
18,27,"Drury Lane, Covent Garden","(51.51477,-0.122219)"
19,30,"Taviton Street, Bloomsbury","(51.52505,-0.131161)"
20,28,"Drummond Street , Euston","(51.527736,-0.135273)"
21,16,"Hampstead Road (Cartmel), Euston","(51.530078,-0.138846)"
22,19,"Northington Street , Holborn","(51.522264,-0.114079)"
23,16,"Red Lion Square, Holborn","(51.519435,-0.119123)"
24,35,"British Museum, Bloomsbury","(51.51908,-0.124678)"
25,32,"Doric Way , Somers Town","(51.528833,-0.13225)"
26,21,"Ampton Street , Clerkenwell","(51.52728,-0.118295)"
27,33,"Bouverie Street, Temple","(51.513821,-0.107927)"
28,19,"Bolsover Street, Fitzrovia","(51.523518,-0.143613)"
29,22,"Hereford Road, Bayswater","(51.513735,-0.193487)"
30,24,"Windsor Terrace, Hoxton","(51.529154,-0.093421)"
31,36,"Fanshaw Street, Hoxton","(51.529537,-0.083353)"
32,43,"Leonard Circus , Shoreditch","(51.524696,-0.084439)"
33,18,"Central House, Aldgate","(51.5156,-0.070056)"
34,16,"Pancras Road, King's Cross","(51.534123,-0.129386)"
36,28,"De Vere Gardens, Kensington","(51.501737,-0.18498)"
37,17,"Penywern Road, Earl's Court","(51.491593,-0.192369)"
38,17,"Abingdon Villas, Kensington","(51.497387,-0.197245)"
39,41,"Shoreditch High Street, Shoreditch","(51.526377,-0.07813)"
40,16,"Commercial Street, Shoreditch","(51.52127,-0.075578)"
42,28,"Wenlock Road , Hoxton","(51.530991,-0.093903)"
43,18,"Crawford Street, Marylebone","(51.52026,-0.157183)"
44,21,"Bruton Street, Mayfair","(51.510736,-0.144165)"
45,26,"Boston Place, Marylebone","(51.522511,-0.162298)"
46,16,"Nesham Street, Wapping","(51.507131,-0.06691)"
47,19,"Warwick Avenue Station, Maida Vale","(51.523344,-0.183846)"
48,25,"Godliman Street, St. Paul's","(51.512484,-0.099141)"
49,16,"Curzon Street, Mayfair","(51.507069,-0.145904)"
50,27,"East Road, Hoxton","(51.528673,-0.087459)"
51,29,"Finsbury Library , Finsbury","(51.526717,-0.104298)"
52,18,"Roscoe Street, St. Luke's","(51.522954,-0.094934)"
53,18,"Grafton Street, Mayfair","(51.509992,-0.143495)"
54,27,"Golden Lane, Barbican","(51.521747,-0.094475)"
55,33,"Finsbury Circus, Liverpool Street","(51.517075,-0.086685)"
56,16,"Paddington Street, Marylebone","(51.520583,-0.154701)"
57,32,"Guilford Street , Bloomsbury","(51.523346,-0.120202)"
58,20,"New Inn Yard, Shoreditch","(51.524526,-0.079248)"
60,18,"Lisson Grove, St. John's Wood","(51.526448,-0.17219)"
61,33,"Great Dover Street, The Borough","(51.497382,-0.089446)"
62,24,"Cotton Garden Estate, Kennington","(51.490757,-0.106323)"
63,27,"Murray Grove , Hoxton","(51.53089,-0.089782)"
64,26,"William IV Street, Strand","(51.509462,-0.124749)"
65,17,"Gower Place , Euston","(51.525227,-0.135188)"
66,40,"Holborn Circus, Holborn","(51.51795,-0.108657)"
67,28,"Hatton Garden, Holborn","(51.518825,-0.108028)"
68,26,"Theobald's Road , Holborn","(51.520596,-0.116688)"
70,24,"Calshot Street , King's Cross","(51.53136,-0.117069)"
71,34,"Newgate Street , St. Paul's","(51.515418,-0.09885)"
72,16,"Farringdon Lane, Clerkenwell","(51.52352,-0.10834)"
73,37,"Old Street Station, St. Luke's","(51.525726,-0.088486)"
74,17,"Vauxhall Cross, Vauxhall","(51.485917,-0.124469)"
75,19,"Torrens Street, Angel","(51.532199,-0.10548)"
76,21,"Longford Street, The Regent's Park","(51.525595,-0.144083)"
77,26,"Russell Square Station, Bloomsbury","(51.523418,-0.124121)"
78,17,"Sadlers Sports Centre, Finsbury","(51.524868,-0.099489)"
80,45,"Webber Street , Southwark","(51.500693,-0.102091)"
81,19,"Great Titchfield Street, Fitzrovia","(51.520253,-0.141327)"
82,15,"Chancery Lane, Holborn","(51.514274,-0.111257)"
84,25,"Breams Buildings, Holborn","(51.515937,-0.111778)"
85,41,"Tanner Street, Bermondsey","(51.500647,-0.0786)"
86,24,"Sancroft Street, Vauxhall","(51.489479,-0.115156)"
87,16,"Devonshire Square, Liverpool Street","(51.516468,-0.079684)"
88,25,"Bayley Street , Bloomsbury","(51.518587,-0.132053)"
89,18,"Tavistock Place, Bloomsbury","(51.52625,-0.123509)"
90,27,"Harrington Square 1, Camden Town","(51.533019,-0.139174)"
91,20,"Walnut Tree Walk, Vauxhall","(51.493686,-0.111014)"
92,41,"Borough Road, Elephant & Castle","(51.498898,-0.10044)"
93,37,"Cloudesley Road, Angel","(51.534408,-0.109025)"
94,28,"Bricklayers Arms, Borough","(51.495061,-0.085814)"
95,15,"Aldersgate Street, Barbican","(51.520841,-0.09734)"
96,26,"Falkirk Street, Hoxton","(51.53095,-0.078505)"
97,18,"Gloucester Road (North), Kensington","(51.497924,-0.183834)"
98,54,"Hampstead Road, Euston","(51.525542,-0.138231)"
99,16,"Old Quebec Street, Marylebone","(51.514577,-0.158264)"
100,24,"Albert Embankment, Vauxhall","(51.490435,-0.122806)"
101,22,"Queen Street 1, Bank","(51.511553,-0.09294)"
102,17,"Jewry Street, Aldgate","(51.513406,-0.076793)"
103,18,"Vicarage Gate, Kensington","(51.504723,-0.192538)"
104,34,"Crosswall, Tower","(51.511594,-0.077121)"
105,26,"Westbourne Grove, Bayswater","(51.515529,-0.19024)"
106,21,"Woodstock Street, Mayfair","(51.514105,-0.147301)"
107,20,"Finsbury Leisure Centre, St. Luke's","(51.526008,-0.096317)"
108,29,"Abbey Orchard Street, Westminster","(51.498125,-0.132102)"
109,56,"Soho Square , Soho","(51.515631,-0.132328)"
110,17,"Wellington Road, St. John's Wood","(51.533043,-0.172528)"
111,28,"Park Lane , Hyde Park","(51.510017,-0.157275)"
112,42,"Stonecutter Street, Holborn","(51.515809,-0.10527)"
113,19,"Gloucester Road (Central), South Kensington","(51.496462,-0.183289)"
114,22,"Park Road (Baker Street), The Regent's Park","(51.524517,-0.158963)"
115,34,"Braham Street, Aldgate","(51.514233,-0.073537)"
116,21,"Little Argyll Street, West End","(51.514499,-0.141423)"
117,25,"Lollard Street, Vauxhall","(51.49288,-0.114934)"
118,13,"Rochester Row, Westminster","(51.495827,-0.135478)"
119,18,"Bath Street, St. Luke's","(51.525893,-0.090847)"
120,17,"The Guildhall, Guildhall","(51.515735,-0.09308)"
121,22,"Baker Street, Marylebone","(51.518913,-0.156166)"
122,23,"Norton Folgate, Liverpool Street","(51.521113,-0.078869)"
123,18,"St. John Street, Finsbury","(51.52836,-0.104724)"
124,20,"Eaton Square, Belgravia","(51.496544,-0.150905)"
125,21,"Borough High Street, The Borough","(51.500694,-0.094524)"
126,52,"Museum of London, Barbican","(51.517821,-0.096496)"
127,17,"Wood Street, Guildhall","(51.517008,-0.093885)"
128,22,"Emperor's Gate, South Kensington","(51.495362,-0.185296)"
129,18,"Golden Square, Soho","(51.511897,-0.137043)"
130,24,"Tower Gardens , Tower","(51.509506,-0.075459)"
131,16,"Eversholt Street , Camden Town","(51.533005,-0.136792)"
132,38,"Bethnal Green Road, Shoreditch","(51.523648,-0.074754)"
133,18,"Derry Street, Kensington","(51.501364,-0.191462)"
134,20,"Wapping High Street, Wapping","(51.504904,-0.06797)"
135,21,"Clerkenwell Green, Clerkenwell","(51.52326,-0.104708)"
136,32,"Queen Victoria Street, St. Paul's","(51.511961,-0.097441)"
138,19,"Green Street, Mayfair","(51.512276,-0.157436)"
139,18,"Lambeth Road, Vauxhall","(51.494881,-0.117974)"
140,33,"Finsbury Square , Moorgate","(51.520962,-0.085634)"
141,29,"Chapel Place, Marylebone","(51.515308,-0.147203)"
142,24,"West Cromwell Road, Earl's Court","(51.493724,-0.198286)"
143,24,"Pont Street, Knightsbridge","(51.496886,-0.161203)"
144,47,"Kennington Cross, Kennington","(51.48894,-0.111435)"
145,24,"Ilchester Place, Kensington","(51.500743,-0.202759)"
146,35,"Vauxhall Bridge , Pimlico","(51.488365,-0.129361)"
148,16,"Tachbrook Street, Victoria","(51.492111,-0.138364)"
149,18,"Kennington Road Post Office, Oval","(51.484788,-0.110683)"
150,28,"Holy Trinity Brompton, Knightsbridge","(51.497056,-0.168917)"
151,26,"Chepstow Villas, Notting Hill","(51.512136,-0.201554)"
152,21,"Hampton Street, Walworth","(51.49217,-0.101536)"
153,27,"Bayswater Road, Hyde Park","(51.511933,-0.174411)"
154,35,"Waterloo Station 3, Waterloo","(51.503791,-0.112824)"
155,19,"Lexham Gardens, Kensington","(51.495866,-0.191933)"
156,33,"New Kent Road, The Borough","(51.494436,-0.092921)"
157,37,"Wright's Lane, Kensington","(51.500397,-0.193068)"
158,18,"Trebovir Road, Earl's Court","(51.490853,-0.19617)"
159,39,"Great Marlborough Street, Soho","(51.514619,-0.137841)"
160,20,"Waterloo Place, St. James's","(51.506633,-0.131773)"
161,16,"Guildhouse Street, Victoria","(51.492345,-0.141334)"
162,20,"Southampton Place, Holborn","(51.517606,-0.121328)"
163,27,"Sloane Avenue, Knightsbridge","(51.493184,-0.167894)"
164,16,"Cleveland Gardens, Bayswater","(51.515607,-0.183118)"
165,15,"Orsett Terrace, Bayswater","(51.517932,-0.183716)"
166,27,"Seville Street, Knightsbridge","(51.501855,-0.159237)"
167,19,"Eccleston Place, Victoria","(51.49395,-0.147624)"
168,19,"Argyll Road, Kensington","(51.500401,-0.195455)"
169,18,"Porchester Place, Paddington","(51.514746,-0.165164)"
170,30,"Hardwick Street, Clerkenwell","(51.527842,-0.108068)"
171,14,"Collingham Gardens, Earl's Court","(51.491615,-0.186753)"
172,19,"Sumner Place, South Kensington","(51.491211,-0.173715)"
173,15,"Waterloo Road, South Bank","(51.50486,-0.113001)"
174,36,"Strand, Strand","(51.512529,-0.115163)"
175,26,"Appold Street, Liverpool Street","(51.521743,-0.081118)"
176,23,"Gloucester Terrace, Bayswater","(51.517919,-0.188098)"
177,25,"Ashley Place, Victoria","(51.49616,-0.140947)"
178,19,"Warwick Square, Pimlico","(51.489856,-0.141923)"
180,17,"North Audley Street, Mayfair","(51.512911,-0.153645)"
181,21,"Belgrave Square, Belgravia","(51.499412,-0.152317)"
182,18,"Bell Street , Marylebone","(51.522029,-0.165842)"
183,24,"Riverlight North, Nine Elms","(51.482362,-0.136123)"
184,34,"Portland Place, Marylebone","(51.520715,-0.145211)"
185,14,"Alderney Street, Pimlico","(51.488057,-0.140741)"
186,16,"South Wharf Road, Paddington","(51.517335,-0.17581)"
191,28,"Hyde Park Corner, Hyde Park","(51.503117,-0.15352)"
192,16,"Wardour Street, Soho","(51.512515,-0.133201)"
193,60,"Bankside Mix, Bankside","(51.505817,-0.100186)"
199,24,"Great Tower Street, Monument","(51.510484,-0.082989)"
200,14,"LMU Commercial Road, Whitechapel","(51.514924,-0.066078)"
202,37,"Leman Street, Aldgate","(51.512363,-0.069542)"
203,15,"West Smithfield Rotunda, Farringdon","(51.518218,-0.100791)"
204,19,"Margery Street, Clerkenwell","(51.526599,-0.112432)"
206,36,"New Road 1 , Whitechapel","(51.518154,-0.062697)"
207,18,"Grosvenor Crescent, Belgravia","(51.501352,-0.153194)"
208,20,"Mallory Street, Marylebone","(51.525051,-0.166304)"
209,30,"Denyer Street, Knightsbridge","(51.493583,-0.165101)"
210,21,"Hinde Street, Marylebone","(51.516814,-0.151926)"
211,34,"Cadogan Place, Knightsbridge","(51.494645,-0.158105)"
212,17,"Campden Hill Road, Notting Hill","(51.506584,-0.199004)"
213,36,"Wellington Arch, Hyde Park","(51.50274,-0.149569)"
214,32,"Endsleigh Gardens, Euston","(51.526838,-0.130504)"
215,54,"Moorfields, Moorgate","(51.519069,-0.088285)"
216,30,"Old Brompton Road, South Kensington","(51.490945,-0.18119)"
217,16,"Wormwood Street, Liverpool Street","(51.516154,-0.082422)"
218,20,"St. Luke's Church, Chelsea","(51.489716,-0.170194)"
219,29,"Bramham Gardens, Earl's Court","(51.490163,-0.190393)"
220,27,"Chelsea Green, Chelsea","(51.490664,-0.166485)"
221,16,"Horseferry Road, Westminster","(51.494816,-0.130458)"
222,43,"Knightsbridge, Hyde Park","(51.502757,-0.155349)"
223,24,"Rodney Road , Walworth","(51.491484,-0.09022)"
224,16,"Whiteley's, Bayswater","(51.514769,-0.188129)"
225,30,"Notting Hill Gate Station, Notting Hill","(51.509353,-0.196422)"
226,24,"Charles II Street, West End","(51.508446,-0.131961)"
227,23,"Great Percy Street, Clerkenwell","(51.528915,-0.11548)"
228,40,"St. James's Square, St. James's","(51.507424,-0.134621)"
229,24,"Whitehall Place, Strand","(51.506543,-0.123179)"
230,31,"Poured Lines, Bankside","(51.506692,-0.103137)"
231,31,"Queen's Gate (Central), South Kensington","(51.493967,-0.178732)"
232,16,"Carey Street, Holborn","(51.51501,-0.112753)"
233,22,"Pall Mall East, West End","(51.50777,-0.130699)"
234,24,"Liverpool Road (N1 Centre), Angel","(51.534504,-0.106992)"
235,36,"Kennington Road  , Vauxhall","(51.495718,-0.110889)"
236,30,"Fashion Street, Whitechapel","(51.51838,-0.073438)"
237,30,"Dock Street, Wapping","(51.509786,-0.068161)"
238,32,"Frampton Street, Paddington","(51.523353,-0.175116)"
239,26,"Warren Street Station, Euston","(51.524438,-0.138019)"
240,14,"Colombo Street, Southwark","(51.505459,-0.105692)"
242,23,"Beaumont Street, Marylebone","(51.522008,-0.151359)"
243,25,"Gloucester Street, Pimlico","(51.490962,-0.139625)"
244,18,"Earnshaw Street , Covent Garden","(51.516118,-0.128585)"
245,29,"Grosvenor Road, Pimlico","(51.485357,-0.142207)"
246,41,"Berry Street, Clerkenwell","(51.522853,-0.099994)"
247,50,"St. John's Wood Church, The Regent's Park","(51.530052,-0.168314)"
248,27,"Triangle Car Park, Hyde Park","(51.506451,-0.170279)"
249,42,"Harper Road, The Borough","(51.498597,-0.096191)"
250,10,"Royal Avenue 1, Chelsea","(51.489932,-0.162727)"
251,34,"Brushfield Street, Liverpool Street","(51.518908,-0.079249)"
252,30,"Jubilee Gardens, South Bank","(51.504636,-0.116542)"
253,30,"Shoreditch Park, Hoxton","(51.534042,-0.086379)"
254,17,"Chadwell Street, Angel","(51.530515,-0.106408)"
255,22,"Clifton Road, Maida Vale","(51.525575,-0.179592)"
256,15,"Houghton Street, Strand","(51.51362,-0.116764)"
257,16,"Westminster University, Marylebone","(51.522481,-0.154907)"
258,23,"Kensington Gore, Knightsbridge","(51.501432,-0.178656)"
260,18,"Broadwick Street, Soho","(51.513684,-0.13558)"
261,15,"Princes Square, Bayswater","(51.513489,-0.191351)"
262,35,"LSBU (Borough Road), Elephant & Castle","(51.498744,-0.103132)"
263,21,"St. Mary Axe, Aldgate","(51.514225,-0.08066)"
264,20,"Tysoe Street, Clerkenwell","(51.526443,-0.109256)"
265,17,"Southwick Street, Paddington","(51.515953,-0.169249)"
266,41,"Queen's Gate (North), Kensington","(51.501026,-0.180246)"
267,22,"Regency Street, Westminster","(51.49206,-0.132224)"
268,29,"Belgrave Road, Victoria","(51.493204,-0.144132)"
269,46,"Empire Square, The Borough","(51.500823,-0.08974)"
270,31,"Kennington Lane Rail Bridge, Vauxhall","(51.486343,-0.122492)"
271,32,"London Zoo,  The Regent's Park","(51.535836,-0.156285)"
272,22,"Baylis Road, Waterloo","(51.501444,-0.110699)"
273,38,"Belvedere Road 1, South Bank","(51.506133,-0.114686)"
274,36,"Warwick Road, Olympia","(51.496712,-0.205284)"
275,19,"Barbican Centre, Barbican","(51.520044,-0.092176)"
276,24,"Lower Thames Street, Monument","(51.509301,-0.084985)"
277,17,"Kensington Church Street, Kensington","(51.503157,-0.191496)"
278,17,"Tooley Street, Bermondsey","(51.503493,-0.07962)"
279,25,"North Wharf Road, Paddington","(51.518622,-0.176645)"
280,10,"Royal Avenue 2, Chelsea","(51.490083,-0.162418)"
281,18,"Smith Square, Westminster","(51.495805,-0.127575)"
282,42,"Royal London Hospital, Whitechapel","(51.519064,-0.059642)"
283,16,"Kingsway, Covent Garden","(51.514409,-0.118478)"
284,20,"Lambeth North Station, Waterloo","(51.49914,-0.112031)"
286,35,"St. John's Wood Road, St. John's Wood","(51.527294,-0.174653)"
287,23,"Bedford Way, Bloomsbury","(51.523673,-0.128377)"
288,34,"Elizabeth Bridge, Victoria","(51.492369,-0.147478)"
289,15,"South Audley Street, Mayfair","(51.50923,-0.151296)"
290,15,"Winsland Street, Paddington","(51.51678,-0.175488)"
291,32,"Claverton Street, Pimlico","(51.484839,-0.138089)"
292,16,"Montpelier Street, Knightsbridge","(51.498884,-0.165471)"
293,25,"Kensington Olympia Station, Olympia","(51.498157,-0.209494)"
294,16,"St. George's Square, Pimlico","(51.488226,-0.135635)"
295,27,"Swan Street, The Borough","(51.500296,-0.092762)"
296,18,"Knaresborough Place, Earl's Court","(51.493631,-0.190603)"
297,17,"Geraldine Street, Elephant & Castle","(51.496127,-0.106)"
298,21,"Curlew Street, Shad Thames","(51.502279,-0.074189)"
299,19,"Vincent Square, Westminster","(51.493985,-0.136928)"
301,24,"Marylebone Lane, Marylebone","(51.514759,-0.148105)"
302,28,"Putney Pier, Wandsworth","(51.466907,-0.216573)"
303,28,"Albert Gate, Hyde Park","(51.502953,-0.158456)"
305,15,"Kennington Lane Tesco, Vauxhall","(51.486779,-0.115853)"
306,16,"Rathbone Street, Fitzrovia","(51.518162,-0.135025)"
307,24,"Black Lion Gate, Kensington Gardens","(51.509908,-0.187842)"
308,20,"Long Lane , Bermondsey","(51.499075,-0.085666)"
309,41,"Embankment (Savoy), Strand","(51.509631,-0.119047)"
310,19,"Black Prince Road, Vauxhall","(51.490867,-0.116911)"
312,20,"Grove End Road, St. John's Wood","(51.530889,-0.17677)"
313,38,"Wells Street, Fitzrovia","(51.517344,-0.138072)"
314,36,"Tyers Gate, Bermondsey","(51.500889,-0.083159)"
315,16,"The Tennis Courts, The Regent's Park","(51.525367,-0.153463)"
317,32,"Dickens Square, Borough","(51.496791,-0.093913)"
318,18,"Sackville Street, Mayfair","(51.510048,-0.138846)"
319,21,"Baldwin Street, St. Luke's","(51.527025,-0.088542)"
320,26,"Queen Mother Sports Centre, Victoria","(51.493573,-0.139956)"
321,24,"Bermondsey Street, Bermondsey","(51.497855,-0.081608)"
322,26,"Palissy Street, Shoreditch","(51.526293,-0.073955)"
323,24,"Clifton Street, Shoreditch","(51.523196,-0.083067)"
324,15,"Ontario Street, Elephant & Castle","(51.49652,-0.101384)"
325,18,"St. Martin's Street, West End","(51.509087,-0.129697)"
326,25,"Graham Street, Angel","(51.532661,-0.099981)"
327,22,"New North Road 1, Hoxton","(51.53095,-0.085603)"
328,22,"New North Road 2, Hoxton","(51.53114,-0.086016)"
329,24,"Prince Albert Road, The Regent's Park","(51.535892,-0.160854)"
330,34,"Eastbourne Mews, Paddington","(51.516417,-0.179135)"
331,30,"Bunhill Row, Moorgate","(51.520858,-0.089887)"
332,20,"Nevern Place, Earl's Court","(51.493343,-0.194757)"
333,37,"Palace Gardens Terrace, Notting Hill","(51.508605,-0.193764)"
334,10,"Concert Hall Approach 1, South Bank","(51.505044,-0.115851)"
335,33,"Tavistock Street, Covent Garden","(51.511968,-0.120718)"
336,18,"Concert Hall Approach 2, South Bank","(51.504942,-0.115533)"
337,16,"Pembridge Villas, Notting Hill","(51.511084,-0.197524)"
338,23,"Wellington Street , Strand","(51.511756,-0.119643)"
339,25,"Risinghill Street, Angel","(51.533319,-0.111781)"
340,16,"Bank of England Museum, Bank","(51.514441,-0.087587)"
341,23,"Craven Street, Strand","(51.508103,-0.126021)"
343,36,"London Zoo Car Park, The Regent's Park","(51.536922,-0.150181)"
344,17,"Goswell Road (City Uni), Finsbury","(51.528246,-0.101026)"
345,33,"Flood Street, Chelsea","(51.488023,-0.166878)"
347,17,"Lower Marsh, Waterloo","(51.500139,-0.113936)"
348,17,"Grosvenor Square, Mayfair","(51.51217,-0.150481)"
349,18,"St. George Street, Mayfair","(51.51196,-0.142783)"
350,21,"Queen's Gate, Kensington Gardens","(51.501715,-0.179854)"
351,28,"Macclesfield Rd, St Lukes","(51.529423,-0.097122)"
352,19,"Vauxhall Street, Vauxhall","(51.486965,-0.116625)"
353,17,"Greycoat Street , Westminster","(51.494591,-0.134234)"
354,37,"Northumberland Avenue, Strand","(51.506767,-0.123702)"
355,21,"Oval Way, Vauxhall","(51.486575,-0.117286)"
356,15,"South Kensington Station, South Kensington","(51.494412,-0.173881)"
357,30,"Howland Street, Fitzrovia","(51.520994,-0.139016)"
358,20,"High Holborn , Covent Garden","(51.516226,-0.124826)"
359,18,"Butler Place, Westminster","(51.497829,-0.13544)"
360,27,"Howick Place, Westminster","(51.496753,-0.138733)"
361,55,"Waterloo Station 2, Waterloo","(51.503919,-0.113426)"
362,57,"Royal College Street, Camden Town","(51.536264,-0.133952)"
363,24,"Lord's, St. John's Wood","(51.529121,-0.171185)"
364,41,"Alfred Place, Bloomsbury","(51.519656,-0.132339)"
365,47,"City Road, Angel","(51.530344,-0.100168)"
366,27,"Millennium Hotel, Mayfair","(51.510919,-0.151126)"
367,16,"Harrowby Street, Marylebone","(51.517372,-0.164207)"
368,25,"Harriet Street, Knightsbridge","(51.500241,-0.15934)"
370,20,"Paddington Green, Paddington","(51.520205,-0.174593)"
371,22,"King Edward Walk, Waterloo","(51.49775,-0.10988)"
372,24,"Sardinia Street, Holborn","(51.515208,-0.117863)"
373,18,"Prince Consort Road, Knightsbridge","(51.499806,-0.176415)"
374,36,"Waterloo Station 1, Waterloo","(51.504027,-0.113864)"
375,18,"Kensington Town Hall, Kensington","(51.501945,-0.194392)"
376,24,"Millbank Tower, Pimlico","(51.491884,-0.125674)"
377,15,"Waterloo Bridge, South Bank","(51.505354,-0.113656)"
378,42,"Natural History Museum, South Kensington","(51.495592,-0.179077)"
379,21,"Turquoise Island, Notting Hill","(51.514311,-0.200838)"
380,21,"Stanhope Gate, Mayfair","(51.506864,-0.150666)"
381,14,"Charlotte Street, Fitzrovia","(51.51953,-0.135777)"
382,15,"Farm Street, Mayfair","(51.509351,-0.147449)"
383,18,"Frith Street, Soho","(51.513103,-0.131213)"
384,15,"Marloes Road, Kensington","(51.496481,-0.192404)"
386,16,"Moor Street, Soho","(51.513527,-0.13011)"
387,30,"Fire Brigade Pier, Vauxhall","(51.493699,-0.121394)"
388,14,"Southampton Street, Strand","(51.510701,-0.121723)"
389,18,"Upper Grosvenor Street, Mayfair","(51.51013,-0.155757)"
390,41,"Buxton Street 1, Shoreditch","(51.521776,-0.068856)"
392,21,"Imperial College, Knightsbridge","(51.499428,-0.179702)"
393,15,"Snow Hill, Farringdon","(51.517334,-0.103604)"
394,18,"Aberdeen Place, St. John's Wood","(51.524826,-0.176268)"
395,15,"Cadogan Gardens, Chelsea","(51.492462,-0.159919)"
396,16,"Shouldham Street, Marylebone","(51.51809,-0.163609)"
397,16,"Devonshire Terrace, Bayswater","(51.51348,-0.17977)"
398,30,"Holland Park, Kensington","(51.502319,-0.200742)"
399,24,"Brick Lane Market, Shoreditch","(51.522617,-0.071653)"
400,26,"George Street, Marylebone","(51.517703,-0.154106)"
401,24,"Columbia Road, Shoreditch","(51.528187,-0.075375)"
402,15,"Penfold Street, Marylebone","(51.522892,-0.171681)"
403,16,"George Place Mews, Marylebone","(51.516892,-0.158249)"
404,13,"Palace Gate, Kensington Gardens","(51.502042,-0.1844)"
405,15,"Gloucester Road Station, South Kensington","(51.494185,-0.18267)"
408,40,"Paddington Green Police Station, Paddington","(51.519943,-0.170704)"
409,41,"Strata, Elephant & Castle","(51.493146,-0.099828)"
410,64,"Edgware Road Station, Marylebone","(51.519968,-0.169774)"
411,33,"Walworth Road, Elephant & Castle","(51.493372,-0.09968)"
412,17,"Cleaver Street, Kennington","(51.488105,-0.110121)"
419,15,"Chelsea Bridge, Pimlico","(51.485821,-0.149004)"
420,37,"Southwark Station 1, Southwark","(51.504043,-0.105312)"
421,45,"Southwark Station 2, Southwark","(51.504044,-0.104778)"
423,31,"Eaton Square (South), Belgravia","(51.494561,-0.153933)"
424,29,"Ebury Bridge, Pimlico","(51.490491,-0.149186)"
425,38,"Harrington Square 2, Camden Town","(51.533379,-0.139159)"
426,17,"Vincent Street, Pimlico","(51.493072,-0.129925)"
427,43,"Cheapside, Bank","(51.51397,-0.09294)"
428,20,"Exhibition Road, Knightsbridge","(51.499917,-0.174554)"
430,18,"South Parade, Chelsea","(51.48902,-0.17524)"
431,20,"Crinan Street, King's Cross","(51.534474,-0.122203)"
432,22,"Exhibition Road Museums, South Kensington","(51.496957,-0.173894)"
433,33,"Wren Street, Holborn","(51.524564,-0.116279)"
435,23,"Kennington Station, Kennington","(51.488852,-0.105593)"
436,36,"Red Lion Street, Holborn","(51.51824,-0.11655)"
437,27,"Vauxhall Walk, Vauxhall","(51.488124,-0.120903)"
439,22,"Killick Street, King's Cross","(51.5338,-0.118677)"
440,33,"Kennington Oval, Oval","(51.483145,-0.113134)"
441,24,"Sail Street, Vauxhall","(51.495656,-0.114605)"
442,24,"Walmer Road, Avondale","(51.510101,-0.211358)"
443,30,"Philpot Street, Whitechapel","(51.515256,-0.058641)"
444,24,"Bethnal Green Garden, Bethnal Green","(51.52568,-0.055312)"
445,28,"Cheshire Street, Bethnal Green","(51.52388,-0.065076)"
446,27,"York Hall, Bethnal Green","(51.528936,-0.055894)"
447,54,"Jubilee Crescent, Cubitt Town","(51.493381,-0.007542)"
448,36,"Fisherman's Walk West, Canary Wharf","(51.50623,-0.02296)"
449,35,"Shadwell Station, Shadwell","(51.511088,-0.057159)"
450,28,"Jubilee Street, Stepney","(51.515975,-0.053177)"
451,16,"Hermitage Court, Wapping","(51.504719,-0.063531)"
452,24,"St. Katharine's Way, Tower","(51.505697,-0.070542)"
453,24,"Garnet Street, Shadwell","(51.508447,-0.055167)"
454,20,"Napier Avenue, Millwall","(51.487679,-0.021582)"
455,17,"East Ferry Road, Cubitt Town","(51.49447,-0.014409)"
456,33,"Parkway, Camden Town","(51.538071,-0.144664)"
457,29,"Castlehaven Road, Camden Town","(51.542138,-0.145393)"
458,28,"Wapping Lane, Wapping","(51.504749,-0.057544)"
459,17,"Gunmakers Lane, Old Ford","(51.535179,-0.03338)"
460,33,"Burdett Road, Mile End","(51.516196,-0.029138)"
462,45,"Bonny Street, Camden Town","(51.541603,-0.138853)"
463,22,"Thurtle Road, Haggerston","(51.534776,-0.071881)"
464,25,"St. Mary & St. Michael Church, Stepney","(51.51417,-0.052099)"
465,28,"Pitfield Street North,Hoxton","(51.53558,-0.08249)"
466,21,"Whiston Road, Haggerston","(51.534464,-0.076341)"
467,17,"Southern Grove, Bow","(51.523538,-0.030556)"
468,24,"Cantrell Road, Bow","(51.521564,-0.022694)"
469,44,"Lindfield Street, Poplar","(51.513757,-0.020467)"
470,46,"Mostyn Grove, Bow","(51.530535,-0.025492)"
471,19,"Hewison Street, Old Ford","(51.533283,-0.028155)"
472,21,"Malmesbury Road, Bow","(51.529452,-0.027616)"
473,19,"Millharbour, Millwall","(51.496137,-0.019355)"
474,39,"Castalia Square, Cubitt Town","(51.498125,-0.011457)"
475,57,"Lightermans Road, Millwall","(51.499041,-0.020157)"
476,29,"Stebondale Street, Cubitt Town","(51.489096,-0.009205)"
477,36,"Spindrift Avenue, Millwall","(51.49109,-0.018716)"
478,21,"Stepney Green Station, Stepney","(51.521889,-0.04667)"
479,20,"Pott Street, Bethnal Green","(51.527152,-0.058005)"
480,25,"Flamborough Street, Limehouse","(51.512871,-0.038986)"
481,35,"Saunders Ness Road, Cubitt Town","(51.487129,-0.009001)"
482,26,"Thornfield House, Poplar","(51.509843,-0.02377)"
483,33,"Albert Gardens, Stepney","(51.51328,-0.047784)"
484,24,"Bromley High Street, Bow","(51.528828,-0.013258)"
485,24,"Old Ford Road, Bethnal Green","(51.531127,-0.048017)"
486,37,"Granby Street, Shoreditch","(51.525645,-0.069543)"
487,23,"Canton Street, Poplar","(51.511811,-0.025626)"
488,22,"Reardon Street, Wapping","(51.506946,-0.058681)"
489,34,"Christian Street, Whitechapel","(51.513074,-0.064094)"
490,45,"Pennington Street, Wapping","(51.508622,-0.065006)"
491,45,"Queen Mary's, Mile End","(51.522507,-0.041378)"
492,63,"The Green Bridge, Mile End","(51.524677,-0.03562)"
494,36,"South Quay East, Canary Wharf","(51.50196,-0.016251)"
495,39,"Bow Church Station, Bow","(51.528169,-0.018703)"
496,39,"Devons Road, Bow","(51.52512,-0.015578)"
497,27,"Merchant Street, Bow","(51.526177,-0.027467)"
498,41,"Bow Road Station, Bow","(51.527058,-0.025296)"
499,36,"Furze Green, Bow","(51.519265,-0.021345)"
500,41,"Ansell House, Stepney","(51.519806,-0.055731)"
501,24,"Cephas Street, Bethnal Green","(51.522561,-0.054883)"
503,36,"Cleveland Way, Stepney","(51.520893,-0.051394)"
504,30,"St. John's Park, Cubitt Town","(51.496454,-0.009506)"
505,29,"Ackroyd Drive, Bow","(51.520398,-0.026768)"
506,23,"Bell Lane, Liverpool Street","(51.517475,-0.075855)"
507,31,"Clarkson Street, Bethnal Green","(51.528692,-0.059091)"
508,18,"Fournier Street, Whitechapel","(51.519362,-0.074431)"
509,19,"Fore Street, Guildhall","(51.517842,-0.090075)"
510,41,"Westferry DLR, Limehouse","(51.509303,-0.025996)"
511,33,"Sutton Street, Shadwell","(51.511066,-0.053558)"
512,30,"Pritchard's Road, Bethnal Green","(51.532091,-0.06142)"
513,51,"Watney Market, Stepney","(51.514222,-0.055656)"
514,17,"Portman Square, Marylebone","(51.516204,-0.155525)"
515,24,"Russell Gardens, Olympia","(51.500088,-0.211316)"
516,18,"Chrisp Street Market, Poplar","(51.5112,-0.014438)"
517,17,"Ford Road, Old Ford","(51.532513,-0.033085)"
518,30,"Antill Road, Mile End","(51.528224,-0.037471)"
519,33,"Teviot Street, Poplar","(51.518811,-0.011662)"
520,21,"Bancroft Road, Bethnal Green","(51.526041,-0.047218)"
521,19,"Driffield Road, Old Ford","(51.534137,-0.037366)"
522,36,"Clinton Road, Mile End","(51.525941,-0.036017)"
523,24,"Langdon Park, Poplar","(51.51549,-0.013475)"
524,38,"Lancaster Gate , Bayswater","(51.511654,-0.179668)"
526,27,"Lancaster Drive, Blackwall","(51.503143,-0.008428)"
527,20,"Hansard Mews, Holland Park","(51.503802,-0.215808)"
528,16,"Clarges Street, Mayfair","(51.507326,-0.145827)"
529,18,"Manresa Road, Chelsea","(51.486892,-0.170983)"
530,18,"Newby Place, Poplar","(51.508896,-0.012413)"
531,21,"Twig Folly Bridge, Mile End","(51.530326,-0.042744)"
532,63,"Jubilee Plaza, Canary Wharf","(51.50357,-0.020068)"
533,33,"Wellington Row, Bethnal Green","(51.528222,-0.069743)"
534,27,"Goldsmith's Row, Haggerston","(51.531864,-0.066035)"
535,24,"Gloucester Avenue, Camden Town","(51.537349,-0.147154)"
536,35,"Queensbridge Road, Haggerston","(51.53385,-0.06992)"
537,18,"Old Montague Street, Whitechapel","(51.51793,-0.067937)"
538,21,"Naval Row, Blackwall","(51.508981,-0.00699)"
539,22,"Hoxton Station, Hoxton","(51.531091,-0.075901)"
540,27,"Albany Street, The Regent's Park","(51.528302,-0.144466)"
541,28,"Green Park Station, Mayfair","(51.506613,-0.142844)"
542,33,"Salmon Lane, Limehouse","(51.514115,-0.033828)"
543,21,"Lansdowne Walk, Ladbroke Grove","(51.509591,-0.204666)"
544,22,"Percival Street, Finsbury","(51.526153,-0.102208)"
545,24,"Arlington Road, Camden Town","(51.539957,-0.145246)"
546,21,"New Fetter Lane, Holborn","(51.517428,-0.107987)"
547,51,"East India DLR, Blackwall","(51.509474,-0.002275)"
548,26,"Westminster Bridge Road, Elephant & Castle","(51.498386,-0.107913)"
549,45,"Gaywood  Street, Elephant & Castle","(51.49605,-0.104193)"
550,23,"Harford Street, Mile End","(51.521564,-0.039264)"
552,27,"Watney Street, Shadwell","(51.511542,-0.056667)"
553,24,"Regent's Row , Haggerston","(51.535678,-0.062546)"
554,16,"Aberfeldy Street, Poplar","(51.513548,-0.005659)"
556,27,"Heron Quays DLR, Canary Wharf","(51.502661,-0.021596)"
557,20,"King Edward Street, St Pauls","(51.51601,-0.0985)"
558,24,"Page Street, Westminster","(51.493978,-0.127554)"
559,24,"Abbotsbury Road, Holland Park","(51.501391,-0.205991)"
560,21,"Ladbroke Grove Central, Ladbroke Grove","(51.511624,-0.205921)"
561,22,"Rectory Square, Stepney","(51.518369,-0.043371)"
562,21,"Bury Place, Holborn","(51.51746,-0.12335)"
563,26,"Preston's Road, Cubitt Town","(51.499286,-0.009152)"
564,41,"Somerset House, Strand","(51.509943,-0.117619)"
566,42,"Westfield Ariel Way, White City","(51.509158,-0.224103)"
568,18,"Bishop's Bridge Road West, Bayswater","(51.51616,-0.18697)"
569,30,"Pitfield Street Central, Hoxton","(51.53213,-0.08299)"
570,36,"Upper Bank Street, Canary Wharf","(51.503083,-0.017676)"
571,29,"Westfield Southern Terrace ,Shepherd's Bush","(51.506256,-0.218337)"
572,36,"Greenland Road, Camden Town","(51.539099,-0.141728)"
573,18,"Limerston Street, West Chelsea","(51.485587,-0.18119)"
574,45,"Eagle Wharf Road, Hoxton","(51.53356,-0.09315)"
576,22,"Alpha Grove, Millwall","(51.497304,-0.022793)"
577,20,"Globe Town Market, Bethnal Green","(51.528869,-0.047548)"
578,32,"Hollybush Gardens, Bethnal Green","(51.527607,-0.057133)"
579,36,"Queen Street 2, Bank","(51.511246,-0.093051)"
580,36,"Doddington Grove, Kennington","(51.486929,-0.102996)"
581,18,"New Cavendish Street, Marylebone","(51.519167,-0.147983)"
583,20,"Abingdon Green, Westminster","(51.497622,-0.125978)"
584,21,"Ilchester Gardens, Bayswater","(51.51244,-0.19096)"
586,31,"Mudchute DLR, Cubitt Town","(51.490645,-0.014582)"
587,22,"Monument Street, Monument","(51.50964,-0.08497)"
588,27,"Hoxton Street, Hoxton","(51.52959,-0.0801)"
589,18,"Drayton Gardens, West Chelsea","(51.487196,-0.179369)"
590,26,"Greenberry Street, St.John's Wood","(51.53256,-0.16862)"
591,27,"Westfield Library Corner, Shepherd's Bush","(51.506093,-0.224223)"
592,20,"Bishop's Bridge Road East, Bayswater","(51.5171,-0.18377)"
593,21,"Northdown Street, King's Cross","(51.531066,-0.11934)"
594,33,"Kingsway Southbound, Strand","(51.513875,-0.117774)"
595,22,"Hammersmith Road, Hammersmith","(51.493267,-0.21985)"
596,21,"Parson's Green , Parson's Green","(51.472817,-0.199783)"
597,27,"Fulham Park Road, Fulham","(51.473471,-0.20782)"
598,38,"Southerton Road, Hammersmith","(51.494499,-0.228188)"
599,28,"Manbre Road, Hammersmith","(51.485743,-0.223616)"
600,21,"South Lambeth Road, Vauxhall","(51.481747,-0.124642)"
601,36,"BBC White City, White City","(51.514767,-0.225787)"
602,45,"Union Grove, Wandsworth Road","(51.472993,-0.133972)"
603,44,"Caldwell Street, Stockwell","(51.477839,-0.116493)"
604,18,"St Martins Close, Camden Town","(51.538792,-0.138535)"
605,29,"Seymour Place, Marylebone","(51.520331,-0.163667)"
606,26,"Addison Road, Holland Park","(51.504199,-0.210941)"
607,21,"Putney Bridge Station, Fulham","(51.468814,-0.210279)"
608,30,"Colet Gardens, Hammersmith","(51.491093,-0.216493)"
609,19,"Sugden Road, Clapham","(51.465123,-0.157788)"
610,21,"Danvers Street, West Chelsea","(51.482567,-0.172078)"
611,20,"Princedale Road , Holland Park","(51.506465,-0.208486)"
612,30,"Wandsworth Rd, Isley Court, Wandsworth Road","(51.469259,-0.141812)"
613,24,"Woodstock Grove, Shepherd's Bush","(51.504038,-0.2174)"
614,40,"Bradmead, Battersea Park","(51.478172,-0.14469)"
615,24,"Finlay Street, Fulham","(51.476885,-0.215895)"
616,24,"Aintree Street, Fulham","(51.481021,-0.209973)"
617,21,"Elysium Place, Fulham","(51.471079,-0.207842)"
618,24,"Eel Brook Common, Walham Green","(51.476259,-0.193254)"
619,43,"Irene Road, Parsons Green","(51.473763,-0.19701)"
620,28,"Surrey Lane, Battersea","(51.47518,-0.16716)"
621,33,"Wandsworth Town Station, Wandsworth","(51.460864,-0.187427)"
622,29,"Lansdowne Road, Ladbroke Grove","(51.507481,-0.205535)"
623,22,"Nantes Close, Wandsworth","(51.46193,-0.180791)"
624,40,"Courland Grove, Wandsworth Road","(51.472918,-0.132102)"
625,28,"Queen's Circus, Battersea Park","(51.477619,-0.149551)"
626,24,"Normand Park, West Kensington","(51.484386,-0.204815)"
627,20,"Holden Street, Battersea","(51.46879,-0.15823)"
628,26,"William Morris Way, Sands End","(51.468819,-0.184318)"
629,28,"Morie Street, Wandsworth","(51.459953,-0.190184)"
630,28,"Clarence Walk, Stockwell","(51.470732,-0.126994)"
631,27,"Battersea Park Road, Nine Elms","(51.479501,-0.14177)"
632,27,"Sheepcote Lane, Battersea","(51.470538,-0.163041)"
633,32,"Vereker Road, West Kensington","(51.489591,-0.209378)"
634,33,"Brook Green South, Brook Green","(51.494347,-0.215804)"
635,37,"Greyhound Road, Hammersmith","(51.486062,-0.214428)"
636,27,"South Park, Sands End","(51.467064,-0.193502)"
637,25,"Spencer Park, Wandsworth Common","(51.45787,-0.174691)"
638,28,"Falcon Road, Clapham Junction","(51.466633,-0.169821)"
639,27,"Coomer Place, West Kensington","(51.48357,-0.202038)"
640,28,"Silverthorne Road, Battersea","(51.472865,-0.148059)"
641,23,"Archbishop's Park, Waterloo","(51.498241,-0.117495)"
642,36,"Fawcett Close, Battersea","(51.469161,-0.174485)"
643,22,"All Saints' Road, Portobello","(51.519042,-0.204764)"
644,36,"Rainville Road, Hammersmith","(51.483732,-0.223852)"
645,21,"Great Suffolk Street, The Borough","(51.501732,-0.100292)"
646,16,"Buckingham Gate, Westminster","(51.498865,-0.137424)"
647,27,"Richmond Way, Shepherd's Bush","(51.500353,-0.217515)"
648,30,"Peterborough Road, Sands End","(51.46904,-0.196274)"
649,22,"World's End Place, West Chelsea","(51.481805,-0.180274)"
650,23,"St. Mark's Road, North Kensington","(51.51687,-0.213872)"
651,25,"Thorndike Close, West Chelsea","(51.480898,-0.183853)"
652,29,"Evesham Street, Avondale","(51.511486,-0.21819)"
653,25,"Simpson Street, Clapham Junction","(51.470847,-0.170703)"
654,34,"Ashmole Estate, Oval","(51.482678,-0.117661)"
655,27,"Crabtree Lane, Fulham","(51.482944,-0.219346)"
656,29,"Broomhouse Lane, Parsons Green","(51.468418,-0.199135)"
657,21,"Blythe Road West, Shepherd's Bush","(51.49968,-0.221791)"
658,30,"Ethelburga Estate, Battersea Park","(51.477292,-0.164786)"
659,57,"Grant Road West, Clapham Junction","(51.46437,-0.174619)"
660,22,"West Kensington Station, West Kensington","(51.49087,-0.206029)"
661,37,"All Saints Church, Portobello","(51.51632,-0.202608)"
662,24,"Phene Street, Chelsea","(51.484984,-0.167919)"
663,24,"Clarendon Road, Avondale","(51.51323,-0.211593)"
664,24,"Austin Road, Battersea Park","(51.474376,-0.155442)"
665,28,"Smugglers Way, Wandsworth","(51.461083,-0.191722)"
666,38,"Olympia Way, Olympia","(51.4961,-0.208158)"
667,34,"Shepherd's Bush Road North, Shepherd's Bush","(51.501594,-0.222293)"
668,26,"Ravenscourt Park Station, Hammersmith","(51.494223,-0.236769)"
669,39,"Teversham Lane, Stockwell","(51.476149,-0.123258)"
670,28,"Ashley Crescent, Battersea","(51.467185,-0.152248)"
671,56,"Parsons Green Station, Parsons Green","(51.475089,-0.201968)"
672,28,"Grant Road Central, Clapham Junction","(51.464688,-0.173656)"
673,36,"Hibbert Street, Battersea","(51.46517,-0.180389)"
674,40,"Carnegie Street, King's Cross","(51.535467,-0.116191)"
675,30,"Usk Road, Clapham Junction","(51.463489,-0.182126)"
676,35,"Hartington Road, Stockwell","(51.47787,-0.126874)"
677,27,"Heath Road, Battersea","(51.468669,-0.146544)"
678,30,"Esmond Street, Putney","(51.462312,-0.211468)"
679,26,"Orbel Street, Battersea","(51.474535,-0.17021)"
680,28,"Westbridge Road, Battersea","(51.477684,-0.170329)"
681,46,"Bishop's Avenue, Fulham","(51.473036,-0.214749)"
682,46,"Crisp Road, Hammersmith","(51.488108,-0.226606)"
683,28,"Dorothy Road, Clapham Junction","(51.465064,-0.16375)"
684,32,"Neville Gill Close, Wandsworth","(51.454752,-0.195197)"
685,30,"Osiers Road, Wandsworth","(51.46067,-0.198735)"
686,26,"Beryl Road, Hammersmith","(51.488144,-0.222456)"
687,26,"Maclise Road, Olympia","(51.497608,-0.211455)"
688,28,"Northfields, Wandsworth","(51.460951,-0.200667)"
689,30,"Spanish Road, Clapham Junction","(51.459225,-0.180884)"
690,24,"Stanley Grove, Battersea","(51.470475,-0.15213)"
691,24,"Erin Close, Walham Green","(51.479463,-0.195777)"
692,22,"Cadogan Close, Victoria Park","(51.542118,-0.028941)"
693,18,"Felsham Road, Putney","(51.464786,-0.215618)"
694,20,"Putney Rail Station, Putney","(51.460717,-0.216526)"
695,21,"Islington Green, Angel","(51.536384,-0.102757)"
696,21,"Charing Cross Hospital, Hammersmith","(51.487285,-0.217995)"
697,25,"Charlotte Terrace, Angel","(51.536392,-0.112721)"
698,35,"Shoreditch Court, Haggerston","(51.539083,-0.070329)"
699,39,"Belford House, Haggerston","(51.536654,-0.07023)"
700,25,"Battersea Church Road, Battersea","(51.476964,-0.174347)"
701,30,"Vicarage Crescent, Battersea","(51.472876,-0.176267)"
702,24,"Durant Street, Bethnal Green","(51.528681,-0.06555)"
703,25,"St. Bride Street, Holborn","(51.515059,-0.105344)"
704,18,"Mexfield Road, East Putney","(51.45682,-0.202802)"
706,31,"Snowsfields, London Bridge","(51.502153,-0.083632)"
707,32,"Barons Court Station, West Kensington","(51.490217,-0.215087)"
708,33,"Disraeli Road, Putney","(51.46161,-0.216145)"
709,23,"Montserrat Road , Putney","(51.463211,-0.21555)"
710,20,"Albert Bridge Road, Battersea Park","(51.474392,-0.163347)"
711,31,"Everington Street, Fulham","(51.483356,-0.216305)"
712,22,"Mile End Stadium, Mile End","(51.518541,-0.034903)"
713,22,"Hawley Crescent, Camden Town","(51.541007,-0.14326)"
714,28,"Stewart's Road, Wandsworth Road","(51.473116,-0.137235)"
715,22,"Aylward Street, Stepney","(51.51563,-0.049067)"
716,24,"Stainsby Road , Poplar","(51.515427,-0.023565)"
717,43,"Dunston Road , Haggerston","(51.536585,-0.075885)"
718,45,"Ada Street, Hackney Central","(51.535716,-0.060291)"
719,34,"Victoria Park Road, Hackney Central","(51.536424,-0.054162)"
720,23,"Star Road, West Kensington","(51.487244,-0.205279)"
721,18,"Wendon Street, Old Ford","(51.536039,-0.026262)"
722,19,"Finnis Street, Bethnal Green","(51.524583,-0.058631)"
723,48,"Stephendale Road, Sands End","(51.46822,-0.190346)"
724,28,"Alma Road, Wandsworth","(51.457991,-0.184806)"
725,28,"Thessaly Road North, Wandsworth Road","(51.477322,-0.138748)"
726,22,"Alfreda Street, Battersea Park","(51.47505,-0.150908)"
727,23,"Chesilton Road, Fulham","(51.475698,-0.205876)"
728,29,"Putney Bridge Road, East Putney","(51.461999,-0.20624)"
729,24,"St. Peter's Terrace, Fulham","(51.478939,-0.208485)"
730,18,"Bridge Avenue, Hammersmith","(51.492084,-0.229116)"
731,37,"Michael Road, Walham Green","(51.477276,-0.18921)"
732,21,"Duke Street Hill, London Bridge","(51.506304,-0.087262)"
733,18,"Park Lane, Mayfair","(51.505426,-0.150817)"
734,31,"Plough Terrace, Clapham Junction","(51.462305,-0.175407)"
735,35,"Grant Road East, Clapham Junction","(51.464894,-0.173029)"
736,28,"Queensdale Road, Shepherd's Bush","(51.50659,-0.216104)"
737,26,"Fulham Broadway, Walham Green","(51.479932,-0.194116)"
738,37,"Imperial Road, Sands End","(51.475142,-0.187278)"
739,28,"Hortensia Road, West Brompton","(51.481765,-0.185273)"
740,26,"Sirdar Road, Avondale","(51.510928,-0.214594)"
741,23,"Freston Road, Avondale","(51.512981,-0.219486)"
742,22,"Blenheim Crescent, Ladbroke Grove","(51.515108,-0.208565)"
743,29,"Oxford Road, Putney","(51.460792,-0.212607)"
744,30,"Ingrave Street, Clapham Junction","(51.467454,-0.172293)"
745,29,"Upcerne Road, West Chelsea","(51.478169,-0.182435)"
746,24,"Lots Road, West Chelsea","(51.479573,-0.179038)"
747,24,"Ormonde Gate, Chelsea","(51.487964,-0.161765)"
748,25,"Hertford Road, De Beauvoir Town","(51.537277,-0.079201)"
749,37,"Haggerston Road, Haggerston","(51.539328,-0.074284)"
750,27,"Culvert Road, Battersea","(51.471095,-0.15785)"
751,24,"Newton Street, Covent Garden","(51.516128,-0.120909)"
752,29,"Manfred Road, East Putney","(51.458164,-0.206002)"
753,28,"Hammersmith Town Hall, Hammersmith","(51.492636,-0.234094)"
754,24,"Grenfell Road, Avondale","(51.5129,-0.214762)"
755,24,"The Vale, Chelsea","(51.485121,-0.174971)"
756,21,"Prince of Wales Drive, Battersea Park","(51.475153,-0.159169)"
757,24,"Harcourt Terrace, West Brompton","(51.487958,-0.187404)"
758,23,"Westbourne Park Road, Portobello","(51.51787,-0.201005)"
759,18,"Broadley Terrace, Marylebone","(51.524561,-0.165668)"
760,18,"Rossmore Road, Marylebone","(51.525269,-0.163795)"
761,26,"Humbolt Road, Fulham","(51.483217,-0.21186)"
762,21,"Storey's Gate, Westminster","(51.500703,-0.129698)"
763,47,"Mile End Park Leisure Centre, Mile End","(51.520597,-0.032566)"
764,33,"St. John's Road, Clapham Junction","(51.462392,-0.168292)"
765,39,"Ranelagh Gardens, Fulham","(51.467601,-0.206827)"
766,25,"Ram Street, Wandsworth","(51.457529,-0.192165)"
767,30,"Santos Road, Wandsworth","(51.457059,-0.200806)"
768,37,"Clapham Common North Side, Clapham Common","(51.461343,-0.159322)"
769,21,"Sandilands Road, Walham Green","(51.473611,-0.191803)"
770,30,"Gwendwr Road, West Kensington","(51.491026,-0.209121)"
771,21,"Rifle Place, Avondale","(51.509224,-0.216016)"
772,35,"Binfield Road, Stockwell","(51.472509,-0.122831)"
773,24,"Tallis Street, Temple","(51.511891,-0.107349)"
774,20,"Hurlingham Park, Parsons Green","(51.470131,-0.20464)"
775,33,"Little Brook Green, Brook Green","(51.496664,-0.223868)"
776,20,"Abyssinia Close, Clapham Junction","(51.460333,-0.167029)"
777,21,"Limburg Road, Clapham Junction","(51.461923,-0.165297)"
779,28,"Houndsditch, Aldgate","(51.514449,-0.077178)"
780,25,"Imperial Wharf Station, Sands End","(51.474665,-0.183165)"
781,30,"Victoria & Albert Museum, South Kensington","(51.495898,-0.173009)"
782,24,"Halford Road, West Kensington","(51.483911,-0.197609)"
784,34,"East Village, Queen Elizabeth Olympic Park","(51.546326,-0.009935)"
785,64,"Aquatic Centre, Queen Elizabeth Olympic Park","(51.54094,-0.01051)"
786,44,"Lee Valley VeloPark, Queen Elizabeth Olympic Park","(51.549369,-0.015717)"
787,35,"Timber Lodge, Queen Elizabeth Olympic Park","(51.546805,-0.014691)"
788,33,"Copper Box Arena, Queen Elizabeth Olympic Park","(51.544836,-0.019524)"
789,40,"Podium, Queen Elizabeth Olympic Park","(51.538718,-0.011889)"
790,28,"Stratford Station, Stratford","(51.541793,-0.00481)"
792,42,"Blackfriars Road, Southwark","(51.505461,-0.10454)"
793,28,"Cromer Street, Bloomsbury","(51.528279,-0.119558)"
794,28,"Lansdowne Way Bus Garage, Stockwell","(51.474567,-0.12458)"
795,28,"Melton Street, Euston","(51.527566,-0.134849)"
796,29,"Coram Street, Bloomsbury","(51.524,-0.126409)"
797,30,"Ossulston Street, Somers Town","(51.5293,-0.128279)"
798,27,"Birkenhead Street, King's Cross","(51.530199,-0.122299)"
800,30,"Sopwith Way, Battersea Park","(51.481121,-0.149035)"
801,29,"Lavington Street, Bankside","(51.505224,-0.098031)"
802,32,"Albert Square, Stockwell","(51.47659,-0.118256)"
803,23,"Southwark Street, Bankside","(51.505409,-0.098341)"
804,27,"Good's Way, King's Cross","(51.534667,-0.125078)"
805,27,"Bevington Road, North Kensington","(51.520069,-0.206338)"
806,27,"Handyside Street, King's Cross","(51.53724,-0.124807)"
807,24,"Bevington Road West, North Kensington","(51.5212,-0.208888)"
808,33,"Stockwell Roundabout, Stockwell","(51.473486,-0.122555)"
809,28,"Lincoln's Inn Fields, Holborn","(51.516277,-0.118272)"
810,30,"Tate Modern, Bankside","(51.506725,-0.098807)"
811,36,"Westferry Circus, Canary Wharf","(51.505703,-0.027772)"
812,28,"Here East North, Queen Elizabeth Olympic Park","(51.548731,-0.022606)"
813,37,"New Spring Gardens Walk, Vauxhall","(51.487807,-0.122759)"
814,30,"Clapham Road, Lingham Street, Stockwell","(51.471433,-0.12367)"
815,35,"Lambeth Palace Road, Waterloo","(51.500089,-0.116628)"
816,28,"Here East South, Queen Elizabeth Olympic Park","(51.546532,-0.020597)"
817,26,"Riverlight South, Nine Elms","(51.481335,-0.138212)"
818,13,"One Tower Bridge, Bermondsey","(51.503127,-0.078655)"
819,38,"Belvedere Road 2, South Bank","(51.50621,-0.114842)"
820,24,"Victory Place, Walworth","(51.492807,-0.091938)"
821,27,"Battersea Power Station, Battersea Park","(51.483507,-0.147714)"
826,28,"Allington street, Westminster","(51.496863,-0.142943)"
799,24,"Kings Gate House, Westminster","(51.497698,-0.137598)"
69,22,"Euston Road, Euston","(51.526236,-0.134407)"
83,21,"Panton Street, West End","(51.509639,-0.13151)"
187,24,"Queen's Gate (South), South Kensington","(51.492479,-0.178433)"
188,18,"Nutford Place, Marylebone","(51.516517,-0.164393)"
189,18,"Claremont Square, Angel","(51.531666,-0.109914)"
190,21,"Rampayne Street, Pimlico","(51.489975,-0.132845)"
194,56,"Hop Exchange, The Borough","(51.504627,-0.091773)"
195,30,"Milroy Walk, South Bank","(51.507244,-0.106237)"
196,17,"Union Street, The Borough","(51.503688,-0.098497)"
197,27,"Stamford Street, South Bank","(51.505569,-0.111606)"
